store_name,sales_target,total_sales
City Fresh Store,9074.13,9788.700000000003
Corner Grocery,9331.57,9285.500000000002
FamilyFood Express,9119.43,7719.49
FreshMart Downtown,7577.61,8206.870000000003
GreenGrocer Plaza,9662.28,9880.759999999998
MegaMart Westside,8561.26,9295.790000000003
QuickStop Market,7863.47,8182.890000000005
SuperSave Central,9322.56,9859.890000000001
ValuePlus Market,9583.57,8661.240000000002
